stop,delay
1112,945.5
1371,878.75
2561,808.4
64000,807.14375
2553,776.3333333333334
1195,727.8888888888889
1378,710.5
11257,701.2857142857143
2560,700.25
1309,692.0
